NOME;SOBRENOME;EMAIL;TELEFONE_DDI;TELEFONE_DDD;TELEFONE_NUMERO;DATA_NASCIMENTO;CPF;SEXO;EMPRESA;CNPJ;IE;USUÁRIO;RUA;COMPLEMENTO;NÚMERO;BAIRRO;CIDADE;ESTADO;CEP;;;;;;
Goku;Son;goku@email.com;55;11;987654321;05/07/1960;52998224725;M;Z Fighters;4,26307E+13;12345678;goku_user@email.com;Kame House;;1;Smallville;Dragon Ball;SP;23456789;;;;;;
Naruto;Uzumaki;naruto@email.com;55;11;876543210;19/09/1961;85315528145;M;Hokage;6,3226E+13;23456789;naruto_user@email.com;Konoha;Hokage Tower;7;Hidden Leaf;Konoha;HI;23456789;;;;;;
Hermione;Granger;hermione@email.com;55;11;765432109;23/04/1962;41032598760;F;Hogwarts;9,75415E+13;34567890;hermione_user@email.com;Hogwarts;;9;Magic Lane;Hogsmeade;HL;34567890;;;;;;
Luffy;Monkey;luffy@email.com;55;11;654321098;08/11/1963;79146823501;M;Straw Hat Pirates;1,23599E+13;45678901;luffy_user@email.com;Thousand Sunny;;1;East Blue;Grand Line;GL;45678901;;;;;;
Elsa;Frozen;elsa@email.com;55;11;543210987;14/02/1964;62450978392;F;Arendelle;8,74036E+13;56789012;elsa_user@email.com;Ice Palace;;2;Iceberg St;Arendelle;AR;56789012;;;;;;
Harry;Potter;harry@email.com;55;11;432109876;30/06/1965;36587410245;M;Hogwarts;5,46891E+13;67890123;harry_user@email.com;Privet Dr.;Cupboard under the stairs;4;Godric's Hollow;Hogwarts;HO;67890123;;;;;;
Inuyasha;Taisho;inuyasha@email.com;55;11;321098765;17/10/1966;98745632187;M;Feudal Japan;3,09725E+13;78901234;inuyasha_user@email.com;Feudal Japan;;5;Higurashi Shrine;Feudal Japan;FJ;78901234;;;;;;
Leia;Organa;leia@email.com;55;11;210987654;21/03/1967;12345678909;F;Rebel Alliance;7,15837E+13;89012345;leia_user@email.com;Alderaan;;1;Aldera;Alderaan;AL;89012345;;;;;;
Spike;Spiegel;spike@email.com;55;11;109876543;26/09/1968;56789012301;M;Bebop;9,87456E+13;90123456;spike_user@email.com;Bebop;;2;Mars;Sol System;SS;90123456;;;;;;
Sakura;Haruno;sakura@email.com;55;11;998877665;02/01/1969;90123456783;F;Konoha Medics;2,34568E+13;1234567;sakura_user@email.com;Konoha;;4;Hidden Leaf;Konoha;HI;89012345;;;;;;
Pikachu;Electric;pikachu@email.com;55;11;887766554;07/05/1970;23456789023;M;Pallet Town;6,54313E+13;34567891;pikachu_user@email.com;Viridian St;Pallet Town;25;Oak Town;Kanto;KT;34567891;;;;;;
Batman;Wayne;batman@email.com;55;11;776655443;13/08/1971;45678901234;M;Wayne Enterprises;8,90123E+13;45678901;batman_user@email.com;Wayne Manor;Batcave;1;Gotham City;Gotham;GC;45678912;;;;;;
Mulan;Fa;mulan@email.com;55;11;665544332;28/12/1972;67890123456;F;Imperial Army;4,56789E+13;56789012;mulan_user@email.com;Imperial Palace;;8;Mulan's Village;China;CN;56789012;;;;;;
Shrek;Ogre;shrek@email.com;55;11;554433221;03/04/1973;89012345678;M;Swamp Holdings;7,89012E+13;67890123;shrek_user@email.com;Swamp Rd;Ogre's Lair;7;Far Far Away;Duloc;FA;67890123;;;;;;
Belle;Beauty;belle@email.com;55;11;443322110;09/07/1974;12345678990;F;Beast's Castle;3,45679E+13;78901234;belle_user@email.com;Beast's Castle;;1;Villeneuve;France;FR;78901234;;;;;;
Totoro;Forest;totoro@email.com;55;11;332211099;15/10/1975;34567890112;M;Studio Ghibli;6,78901E+13;89012345;totoro_user@email.com;Camphor Tree Rd;;8;Totoro's Forest;Japan;JP;89012345;;;;;;
Rapunzel;Corona;rapunzel@email.com;55;11;221100988;20/02/1976;56789012334;F;Kingdom of Corona;9,01235E+13;90123456;rapunzel_user@email.com;Tower St;Tower Room;1;Corona Village;Corona;CO;90123456;;;;;;
Sherlock;Holmes;sherlock@email.com;55;11;110099877;26/06/1977;89012345656;M;221B Baker Street;1,23457E+13;1234567;sherlock_user@email.com;221B Baker St;;1;London;England;EN;90123456;;;;;;
Nausicaä;Valley;nausicaa@email.com;55;11;889977665;01/11/1978;12345678978;F;Valley of the Wind;5,6789E+13;12345678;nausicaa_user@email.com;Windmill Rd;Windmill Cottage;1;Valley of the Wind;Windyvale;WV;12345678;;;;;;
Aragorn;Elessar;aragorn@email.com;55;11;778866554;07/03/1979;34567890190;M;Kingdom of Gondor;8,90123E+13;23456789;aragorn_user@email.com;Minas Tirith;;1;Gondor;Middleearth;ME;34567891;;;;;;
Gandalf;Grey;gandalf@email.com;55;11;667755443;12/08/1980;56789012301;M;White Council;2,34568E+13;34567891;gandalf_user@email.com;Wizard Rd;Tower;3;Rivendell;Middleearth;ME;34567891;;;;;;
Hermione;Weasley;hermione@email.com;55;11;556644332;18/12/1981;89012345623;F;Weasley's Wizard Wheezes;4,56789E+13;45678901;hermione_user@email.com;Ottery St. Catchpole;Burrow;7;Ottery St. Catchpole;England;EN;45678912;;;;;;
Katara;Waterbender;katara@email.com;55;11;445533221;24/03/1983;12345678945;F;Southern Water Tribe;6,78901E+13;56789012;katara_user@email.com;Southern Water Tribe;;2;Southern Water Tribe;South Pole;SP;56789012;;;;;;
Jack;Sparrow;jack@email.com;55;11;334422110;29/07/1984;34567890167;M;Black Pearl;8,90123E+13;67890123;jack_user@email.com;Port Royal;Tortuga;9;Caribbean;Caribbean;CB;67890123;;;;;;
Nemo;Clownfish;nemo@email.com;55;11;223311099;04/12/1985;56789012389;M;Great Barrier Reef;1,23457E+13;78901234;nemo_user@email.com;Coral Reef;;42;Ocean;Australia;AU;78901234;;;;;;
Mulder;Scully;mulder@email.com;55;11;112200988;10/04/1987;89012345601;M;FBI;3,45679E+13;89012345;mulder_user@email.com;FBI Headquarters;Basement;2;Washington D.C.;USA;US;89012345;;;;;;
Katniss;Everdeen;katniss@email.com;55;11;978751616;15/08/1988;12345678923;F;Rebellion;5,6789E+13;90123456;katniss_user@email.com;District 12;;12;Panem;Panem;PN;89012345;;;;;;
Neo;Matrix;neo@email.com;55;11;990011223;20/01/1989;34567890145;M;Zion;8,90123E+13;1234567;neo_user@email.com;Mainframe St;;101;Zion;Matrix;MX;12345678;;;;;;
Kiki;Delivery;kiki@email.com;55;11;223344556;26/05/1990;56789012367;F;Kiki's Delivery Service;1,23457E+13;12345678;kiki_user@email.com;Witch St;Black Cat Cottage;7;Koriko Town;Ghibli;GB;12345678;;;;;;
Meg;Hercules;meg@email.com;55;11;334455667;31/10/1991;89012345689;F;Thebes;3,45679E+13;23456789;meg_user@email.com;Acropolis St;;1;Thebes;Greece;GR;23456789;;;;;;
Gandalf;Grey;gandalf@email.com;55;11;445566778;05/03/1993;12345678901;M;Fellowship of the Ring;5,6789E+13;90123456;gandalf_user@email.com;Middle Earth;;3;The Shire;Middle Earth;ME;90123456;;;;;;
Spongebob;Squarepants;spongebob@email.com;55;11;556677889;11/07/1994;34567890123;M;Krusty Krab;8,90123E+13;23456789;spongebob_user@email.com;Conch St;Pineapple;124;Bikini Bottom;Pacific Ocean;PO;23456789;;;;;;
Ariel;Mermaid;ariel@email.com;55;11;667788990;16/11/1995;56789012345;F;Atlantica;1,23457E+13;34567890;ariel_user@email.com;Coral St;Seashell;17;Mermaid Cove;Atlantica;AT;34567890;;;;;;
Simba;Lion;simba@email.com;55;11;778899001;22/02/1997;89012345667;M;Pride Rock;3,45679E+13;45678901;simba_user@email.com;Savannah St;;9;Pride Lands;Pride Rock;PR;45678901;;;;;;
Moana;Waialiki;moana@email.com;55;11;889900112;28/06/1998;12345678989;F;Motunui;5,6789E+13;56789012;moana_user@email.com;Ocean St;Wayfinder's House;1;Motunui Village;Polynesia;PN;56789012;;;;;;
Buzz;Lightyear;buzz@email.com;55;11;990011223;03/11/1999;34567890101;M;Star Command;8,90123E+13;67890123;buzz_user@email.com;Starship St;Sector 4;3;Space Port;Space Command;SC;67890123;;;;;;
Katara;Waterbender;katara@email.com;55;11;112233445;09/03/2000;56789012323;F;Southern Water Tribe;1,23457E+13;78901234;katara_user@email.com;Southern Water St;Igloo;5;Southern Water Tribe;Water Tribe;WT;78901234;;;;;;
Simba;Lioness;lioness@email.com;55;11;223344556;14/07/2001;89012345645;F;Pride Rock;3,45679E+13;89012345;lioness_user@email.com;Savanna Rd;;11;Pride Lands;Pride Rock;PR;89012345;;;;;;
Jasmine;Sultan;jasmine@email.com;55;11;334455667;19/11/2002;12345678967;F;Agrabah Palace;5,6789E+13;1234567;jasmine_user@email.com;Palace Rd;;7;Agrabah;Agrabah;AG;89012345;;;;;;
Merlin;Wizard;merlin@email.com;55;11;445566778;25/02/1960;34567890189;M;Camelot;8,90123E+13;12345678;merlin_user@email.com;Wizard's Way;Tower 2;8;Avalon;Camelot;CA;12345678;;;;;;
Bulma;Briefs;bulma@email.com;55;11;556677889;01/07/1961;56789012301;F;Capsule Corp;1,23457E+13;23456789;bulma_user@email.com;Capsule Blvd;Capsule Tower;3;West City;Earth;EA;23456789;;;;;;
Wolverine;Logan;wolverine@email.com;55;11;667788990;07/11/1962;89012345623;M;XMen;3,45679E+13;34567890;wolverine_user@email.com;Xavier's School;Danger Room;1;Westchester;New York;NY;34567890;;;;;;
Toph;Beifong;toph@email.com;55;11;778899001;12/03/1964;12345678945;F;Metalbending Academy;5,6789E+13;45678901;toph_user@email.com;Metalbender St;;10;Gaoling;Earth Kingdom;EK;45678901;;;;;;
Neo;Matrix;neo@email.com;55;11;889900112;17/07/1965;34567890167;M;Zion;8,90123E+13;56789012;neo_user@email.com;Nebuchadnezzar Ave;Main Deck;7;Zion;The Matrix;TM;56789012;;;;;;
Ariel;Ocean;ocean@email.com;55;11;990011223;22/11/1966;56789012389;F;Coral Reef;1,23457E+13;67890123;ocean_user@email.com;Coral Ave;Seashell;3;Coral City;Underwater;UW;67890123;;;;;;
Sonic;Hedgehog;sonic@email.com;55;11;112233445;28/03/1968;89012345601;M;Sega;3,45679E+13;78901234;sonic_user@email.com;Green Hill Rd;;1;Emerald City;Mobius;MO;78901234;;;;;;
Nami;Navigator;nami@email.com;55;11;223344556;02/08/1969;12345678923;F;Straw Hat Pirates;5,6789E+13;89012345;nami_user@email.com;Thousand Sunny;Crow's Nest;2;East Blue;Grand Line;GL;89012345;;;;;;
Mulan;Warrior;warrior@email.com;55;11;334455667;08/12/1970;34567890145;F;Imperial Army;8,90123E+13;90123456;warrior_user@email.com;Imperial City;Training Ground;6;China;China;CH;90123456;;;;;;
Aladdin;Streetrat;aladdin@email.com;55;11;445566778;14/04/1972;56789012367;M;Agrabah;1,23457E+13;1234567;aladdin_user@email.com;Street Rd;;22;Agrabah;Agrabah;AG;90123456;;;;;;
Batman;Robin;robin@email.com;55;11;556677889;19/08/1973;89012345689;M;Bat Family;3,45679E+13;12345678;robin_user@email.com;Wayne Manor;Batcave;2;Gotham City;Gotham City;GC;12345678;;;;;;
